"Requirement_ID","Role","Policy_Requirement","Process_Requirement","Competency","Mandatory_Optional","Priority","Source_Document","Source_Section","Assessment_Requirement","Source_Version","Scope"
"R001","Customer Support Executive","—","Escalate any unresolved complaint exceeding 24 hours, or involving safety/legal/financial risk, to a Team Leader within 1 business hour of the threshold being identified","Escalation judgment & Tier-2 authority awareness","Mandatory","High","DOC-07","4.2","Scenario quiz: identify when a complaint must escalate to Tier 2","1.0","Role-specific"
"R002","Customer Support Executive","—","Acknowledge and attempt first-contact resolution on any incoming customer issue within 2 business hours","First-response SLA management","Mandatory","High","DOC-07","4.1","Practical task: respond to a simulated Tier-1 ticket within SLA","1.0","Role-specific"
"R003","Customer Support Executive","—","Log every escalation with ticket ID, customer ID, tier reached, resolution, and time-to-resolution","Escalation documentation discipline","Mandatory","Medium","DOC-07","5","Checklist: complete a sample escalation log entry","1.0","Role-specific"
"R004","Customer Support Executive","Treat customers and colleagues with respect and communicate professionally in all channels","—","Customer-facing professional conduct","Mandatory","High","DOC-04","2","Quiz: professional conduct standards","1.0","Company-wide"
"R005","Customer Support Executive","Access customer data only through approved, logged tooling during escalation handling — never direct database export","—","Secure customer-data handling","Mandatory","Medium","DOC-06","4","Quiz: approved vs prohibited data-access methods","1.0","Role-specific"
"R006","Customer Support Executive","Collect and process customer personal data only with recorded consent for a stated purpose","—","Data-privacy-aware customer handling","Mandatory","Medium","DOC-05","3","Quiz: consent requirements for customer data capture","1.0","Company-wide"
"R007","Customer Support Executive","Digitally acknowledge receipt and understanding of the Employee Handbook within 5 business days of joining","—","Policy-acknowledgement compliance","Mandatory","High","DOC-01","9","Checklist item: handbook acknowledgement recorded","2.0","Company-wide"
"R008","Customer Support Executive","Submit a medical certificate for any sick leave exceeding 2 consecutive working days","—","Leave-policy awareness","Mandatory","Low","DOC-03","3","Quiz: sick leave documentation rules","1.0","Company-wide"
"R009","Sales Executive","—","Confirm budget authority, timeline within 6 months, and a genuine training/HR-tech need before marking a lead Qualified","Lead qualification judgment","Mandatory","Medium","DOC-08","3","Scenario task: qualify or reject a sample lead","1.0","Role-specific"
"R010","Sales Executive","—","Log every customer interaction in the CRM within 24 hours","CRM data hygiene","Mandatory","High","DOC-08","4","Practical task: create a compliant CRM entry","1.0","Role-specific"
"R011","Sales Executive","—","Route deals of 500,000,000 VND or more to Branch Manager for approval before sending the proposal","Deal-approval threshold awareness","Mandatory","Medium","DOC-08","5","Quiz: identify which deals require Branch Manager approval","1.0","Role-specific"
"R012","Sales Executive","—","Use the internal upsell playbook for renewal conversations","Upsell technique (supplementary)","Optional","Low","DOC-08","7","—","1.0","Role-specific"
"R013","Sales Executive","Wear business-formal attire during client meetings and site visits","—","Client-facing presentation standard","Mandatory","Low","DOC-04","4.2","Checklist item: dress-code acknowledgement","1.0","Role-specific"
"R014","Sales Executive","Obtain informed consent before entering customer contact data collected during prospecting into the CRM","—","Data-privacy-aware prospecting","Mandatory","High","DOC-05","3","Quiz: consent requirements for lead data","1.0","Company-wide"
"R015","Sales Executive","Digitally acknowledge receipt and understanding of the Employee Handbook within 5 business days of joining","—","Policy-acknowledgement compliance","Mandatory","High","DOC-01","9","Checklist item: handbook acknowledgement recorded","2.0","Company-wide"
"R016","Sales Executive","Accrue and use the standard 12-day annual leave entitlement","—","Leave-policy awareness","Mandatory","Low","DOC-03","2","Quiz: annual leave entitlement","1.0","Company-wide"
"R017","HR Executive","—","Verify eligibility and file statutory social-insurance paperwork for maternity/paternity leave within statutory deadlines","Statutory leave compliance filing","Mandatory","High","DOC-03","4","Scenario task: process a sample maternity-leave filing","1.0","Role-specific"
"R018","HR Executive","—","Record approved leave and update the employee's entitlement balance after manager approval","Leave-workflow administration","Mandatory","Medium","DOC-03","6","Practical task: process a leave approval end-to-end","1.0","Role-specific"
"R019","HR Executive","Receive and handle anti-harassment/anti-discrimination reports immediately upon escalation","—","Harassment-complaint intake & handling","Mandatory","High","DOC-04","3","Scenario task: intake a harassment complaint correctly","1.0","Role-specific"
"R020","HR Executive","Receive conflict-of-interest disclosures within 10 business days of the conflict arising","—","Conflict-of-interest intake","Mandatory","Medium","DOC-04","5","Quiz: conflict-of-interest disclosure process","1.0","Role-specific"
"R021","HR Executive","Access employee personal records restricted to HR-necessary fields only","—","Least-privilege data access (HR)","Mandatory","High","DOC-05","4","Quiz: HR data-access boundaries","1.0","Role-specific"
"R022","HR Executive","—","Act as Data Privacy Officer: notify affected individuals within statutory deadlines following a confirmed breach","Breach-notification response","Mandatory","High","DOC-05","7","Scenario task: draft a breach notification within deadline","1.0","Role-specific"
"R023","HR Executive","Digitally acknowledge receipt and understanding of the Employee Handbook within 5 business days of joining","—","Policy-acknowledgement compliance","Mandatory","High","DOC-01","9","Checklist item: handbook acknowledgement recorded","2.0","Company-wide"
"R024","HR Executive","Accrue and use the standard 12-day annual leave entitlement","—","Leave-policy awareness","Mandatory","Low","DOC-03","2","Quiz: annual leave entitlement","1.0","Company-wide"
"R025","Finance Associate","—","Verify every expense claim's original receipts and documentation before approval processing","Expense-claim verification","Mandatory","High","DOC-09","3","Practical task: verify a sample expense claim","1.0","Role-specific"
"R026","Finance Associate","—","Apply the approval matrix: claims of 5,000,000 VND or more require Branch Manager approval in addition to the direct manager","Reimbursement approval-threshold judgment","Mandatory","High","DOC-09","4","Quiz: identify which claims need Branch Manager sign-off","1.0","Role-specific"
"R027","Finance Associate","—","Pay approved claims within 10 business days of verification","Reimbursement SLA management","Mandatory","Medium","DOC-09","5","Checklist item: reimbursement timeline compliance","1.0","Role-specific"
"R028","Finance Associate","Store receipt images containing personal payment data per the Data Privacy Policy retention schedule, not indefinitely","—","Financial-record data retention","Mandatory","Medium","DOC-09","7","Quiz: receipt-data retention limits","1.0","Role-specific"
"R029","Finance Associate","Access only payment and reimbursement data, per role-based least-privilege rules","—","Least-privilege data access (Finance)","Mandatory","High","DOC-05","4","Quiz: Finance data-access boundaries","1.0","Role-specific"
"R030","Finance Associate","Use multi-factor authentication for all systems handling financial data","—","Financial-systems access security","Mandatory","High","DOC-06","2","Checklist item: MFA enabled on finance systems","1.0","Company-wide"
"R031","Finance Associate","Digitally acknowledge receipt and understanding of the Employee Handbook within 5 business days of joining","—","Policy-acknowledgement compliance","Mandatory","High","DOC-01","9","Checklist item: handbook acknowledgement recorded","2.0","Company-wide"
"R032","Finance Associate","Accrue and use the standard 12-day annual leave entitlement","—","Leave-policy awareness","Mandatory","Low","DOC-03","2","Quiz: annual leave entitlement","1.0","Company-wide"
"R033","Operations Coordinator","Comply with the office dress code, except while on approved field visits to partner schools","—","Field-vs-office conduct judgment","Mandatory","Low","DOC-04","7","Quiz: when the dress-code exception applies","1.0","Role-specific"
"R034","Operations Coordinator","Treat colleagues, customers, and partners with respect and communicate professionally, including during field visits","—","Field-professional conduct","Mandatory","High","DOC-04","2","Quiz: professional conduct standards","1.0","Company-wide"
"R035","Operations Coordinator","Use only company-approved software and devices when accessing company systems","—","Acceptable-use compliance","Mandatory","Medium","DOC-06","3","Quiz: acceptable use of company systems","1.0","Company-wide"
"R036","Operations Coordinator","Access company systems remotely only via company VPN and an approved, encrypted device during field work","—","Remote/field access security","Mandatory","Medium","DOC-06","6","Checklist item: VPN and device compliance for field visits","1.0","Role-specific"
"R037","Operations Coordinator","Collect partner-school data only for a stated purpose, with recorded consent","—","Data-privacy-aware field data collection","Mandatory","Medium","DOC-05","3","Quiz: consent requirements for field-collected data","1.0","Company-wide"
"R038","Operations Coordinator","Digitally acknowledge receipt and understanding of the Employee Handbook within 5 business days of joining","—","Policy-acknowledgement compliance","Mandatory","High","DOC-01","9","Checklist item: handbook acknowledgement recorded","2.0","Company-wide"
"R039","Operations Coordinator","Accrue and use the standard 12-day annual leave entitlement","—","Leave-policy awareness","Mandatory","Low","DOC-03","2","Quiz: annual leave entitlement","1.0","Company-wide"
"R040","Operations Coordinator","—","Hold the partner-school kickoff call within 3 business days of contract signature","Partner-school onboarding timeliness","Mandatory","High","DOC-12","6.1","Scenario quiz: a school signs on Monday — by when must the kickoff call happen","2.0","Role-specific"
"R041","Marketing Executive","Treat colleagues, customers, and partners with respect and communicate professionally in all marketing channels","—","Professional conduct in external communications","Mandatory","High","DOC-04","2","Quiz: professional conduct standards","1.0","Company-wide"
"R042","Marketing Executive","Use passwords of at least 12 characters with mixed case, numbers, and symbols; enable MFA on systems handling customer data","—","Marketing-systems access security","Mandatory","High","DOC-06","2","Checklist item: MFA enabled on marketing tools","1.0","Company-wide"
"R043","Marketing Executive","Use only company-approved marketing/analytics software and devices","—","Acceptable-use compliance","Mandatory","Medium","DOC-06","3","Quiz: acceptable use of company systems","1.0","Company-wide"
"R044","Marketing Executive","Collect campaign lead and contact data only for a stated purpose, with recorded consent","—","Data-privacy-aware campaign management","Mandatory","High","DOC-05","3","Quiz: consent requirements for campaign data","1.0","Company-wide"
"R045","Marketing Executive","Share personal data with third-party ad/marketing platforms only under a signed data-processing agreement with Data Privacy Officer sign-off","—","Third-party data-sharing compliance","Mandatory","High","DOC-05","6","Quiz: third-party data-sharing rules","1.0","Company-wide"
"R046","Marketing Executive","Digitally acknowledge receipt and understanding of the Employee Handbook within 5 business days of joining","—","Policy-acknowledgement compliance","Mandatory","High","DOC-01","9","Checklist item: handbook acknowledgement recorded","2.0","Company-wide"
"R047","Marketing Executive","Accrue and use the standard 12-day annual leave entitlement","—","Leave-policy awareness","Mandatory","Low","DOC-03","2","Quiz: annual leave entitlement","1.0","Company-wide"
"R048","Marketing Executive","—","Launch an external campaign only after all four approval steps (brief, approval, brand and claims check, data-processing check) are recorded in the campaign log","Campaign approval discipline","Mandatory","High","DOC-13","4.3","Scenario quiz: identify the missing approval step before launch","1.1","Role-specific"
"R049","Software Support Engineer","—","Confirm passing test suite, updated release notes, documented rollback plan, and 24-hour customer notice before deployment","Pre-deployment readiness verification","Mandatory","High","DOC-10","3","Checklist: complete a pre-deployment checklist","1.0","Role-specific"
"R050","Software Support Engineer","—","Execute the documented rollback plan and notify the Team Leader immediately if critical issues appear within 2 hours of deployment","Incident rollback execution","Mandatory","High","DOC-10","5","Scenario task: execute a rollback for a simulated failed deployment","1.0","Role-specific"
"R051","Software Support Engineer","—","Confirm functionality with the customer and close the deployment ticket at handover","Client handover discipline","Mandatory","Medium","DOC-10","6","Practical task: complete a client handover checklist","1.0","Role-specific"
"R052","Software Support Engineer","Access production customer data only through approved, logged tooling — never direct database export","—","Secure production-data access","Mandatory","High","DOC-06","4","Quiz: approved vs prohibited data-access methods","1.0","Role-specific"
"R053","Software Support Engineer","Access only role-relevant data per least-privilege rules; use anonymized data unless explicitly authorized","—","Least-privilege data access (Engineering)","Mandatory","High","DOC-05","4","Quiz: Engineering data-access boundaries","1.0","Role-specific"
"R054","Software Support Engineer","Use passwords of at least 12 characters with mixed case, numbers, and symbols; enable MFA on all systems handling customer data","—","Systems access security","Mandatory","High","DOC-06","2","Checklist item: MFA enabled on engineering systems","1.0","Company-wide"
"R055","Software Support Engineer","Digitally acknowledge receipt and understanding of the Employee Handbook within 5 business days of joining","—","Policy-acknowledgement compliance","Mandatory","High","DOC-01","9","Checklist item: handbook acknowledgement recorded","2.0","Company-wide"
"R056","Software Support Engineer","Accrue and use the standard 12-day annual leave entitlement","—","Leave-policy awareness","Mandatory","Low","DOC-03","2","Quiz: annual leave entitlement","1.0","Company-wide"
"R057","Branch Manager","Wear business-formal attire during client meetings and site visits","—","Client-facing presentation standard","Mandatory","Low","DOC-04","4.2","Checklist item: dress-code acknowledgement","1.0","Role-specific"
"R058","Branch Manager","—","Approve sales deals of 500,000,000 VND or more before the proposal is sent","Deal-approval authority","Mandatory","High","DOC-08","5","Scenario task: approve/reject a sample large deal","1.0","Role-specific"
"R059","Branch Manager","—","Approve expense-reimbursement claims of 5,000,000 VND or more, in addition to the employee's direct manager","Reimbursement approval authority","Mandatory","High","DOC-09","4","Scenario task: approve/reject a sample large claim","1.0","Role-specific"
"R060","Branch Manager","—","Take final authority on Tier 3 customer escalations left unresolved after 48 hours, including approving compensation or refunds","Tier-3 escalation authority","Mandatory","High","DOC-07","4.3","Scenario task: resolve a simulated Tier-3 escalation","1.0","Role-specific"
"R061","Branch Manager","Enforce the three-stage disciplinary process, applying the direct-to-written-warning fast path for security violations","—","Disciplinary process oversight","Mandatory","Medium","DOC-04","6","Quiz: disciplinary process stages and exceptions","1.0","Role-specific"
"R062","Branch Manager","Oversee incident-reporting compliance within the branch, ensuring 1-hour reporting to IT Security","—","Branch security-incident oversight","Mandatory","Medium","DOC-06","5","Quiz: incident-reporting escalation timeline","1.0","Role-specific"
"R063","Branch Manager","Digitally acknowledge receipt and understanding of the Employee Handbook within 5 business days of joining","—","Policy-acknowledgement compliance","Mandatory","High","DOC-01","9","Checklist item: handbook acknowledgement recorded","2.0","Company-wide"
"R064","Branch Manager","Accrue and use the seniority-level 15-day annual leave entitlement","—","Leave-policy awareness (seniority)","Mandatory","Low","DOC-03","2.1","Quiz: seniority leave entitlement","1.0","Role-specific"
"R065","Data Analyst","Use anonymized or aggregated datasets by default; access beyond that requires written Data Privacy Officer approval","—","Least-privilege data access (Data)","Mandatory","High","DOC-05","4","Quiz: Data Analyst default access scope","1.0","Role-specific"
"R066","Data Analyst","Use anonymized datasets for analysis unless explicitly authorized under the Data Privacy Policy","—","Anonymized-data-first analysis practice","Mandatory","High","DOC-06","4","Scenario task: choose the correct dataset for a sample analysis request","1.0","Role-specific"
"R067","Data Analyst","Follow the data retention and deletion schedule when storing or archiving analysis datasets","—","Data-retention compliance","Mandatory","Medium","DOC-05","5","Quiz: retention periods for employee vs customer data","1.0","Company-wide"
"R068","Data Analyst","Use passwords of at least 12 characters with mixed case, numbers, and symbols; enable MFA where required","—","Systems access security","Mandatory","High","DOC-06","2","Checklist item: MFA enabled on data systems","1.0","Company-wide"
"R069","Data Analyst","Access company systems remotely only via company VPN and an approved, encrypted device","—","Remote access security","Mandatory","Medium","DOC-06","6","Checklist item: VPN and device compliance","1.0","Company-wide"
"R070","Data Analyst","Do not share personal data with third parties without a signed data-processing agreement and Data Privacy Officer sign-off","—","Third-party data-sharing compliance","Mandatory","Medium","DOC-05","6","Quiz: third-party data-sharing rules","1.0","Company-wide"
"R071","Data Analyst","Digitally acknowledge receipt and understanding of the Employee Handbook within 5 business days of joining","—","Policy-acknowledgement compliance","Mandatory","High","DOC-01","9","Checklist item: handbook acknowledgement recorded","2.0","Company-wide"
"R072","Data Analyst","Accrue and use the standard 12-day annual leave entitlement","—","Leave-policy awareness","Mandatory","Low","DOC-03","2","Quiz: annual leave entitlement","1.0","Company-wide"
"R073","Team Leader/Tech Lead","—","Receive Tier-2 escalations from Customer Support Executive within 1 business hour of the 24-hour threshold, and resolve or advance to Tier 3 within 48 hours","Tier-2 escalation resolution authority","Mandatory","High","DOC-07","4.2","Scenario task: resolve a simulated Tier-2 escalation","1.0","Role-specific"
"R074","Team Leader/Tech Lead","—","Review and record sign-off on every production deployment before it proceeds","Deployment approval authority","Mandatory","High","DOC-10","4","Scenario task: approve/reject a sample deployment request","1.0","Role-specific"
"R075","Team Leader/Tech Lead","—","Provide oversight for the Software Support Engineer's pre-deployment checklist and rollback execution","Deployment quality oversight","Mandatory","Medium","DOC-10","2","Quiz: deployment sign-off responsibilities","1.0","Role-specific"
"R076","Team Leader/Tech Lead","Access production customer data only through approved, logged tooling — never direct database export","—","Secure production-data access","Mandatory","High","DOC-06","4","Quiz: approved vs prohibited data-access methods","1.0","Role-specific"
"R077","Team Leader/Tech Lead","Accrue and use the seniority-level 15-day annual leave entitlement","—","Leave-policy awareness (seniority)","Mandatory","Low","DOC-03","2.1","Quiz: seniority leave entitlement","1.0","Role-specific"
"R078","Team Leader/Tech Lead","Use passwords of at least 12 characters with mixed case, numbers, and symbols; enable MFA on systems handling customer data","—","Systems access security","Mandatory","High","DOC-06","2","Checklist item: MFA enabled on engineering systems","1.0","Company-wide"
"R079","Team Leader/Tech Lead","Digitally acknowledge receipt and understanding of the Employee Handbook within 5 business days of joining","—","Policy-acknowledgement compliance","Mandatory","High","DOC-01","9","Checklist item: handbook acknowledgement recorded","2.0","Company-wide"
"R080","Team Leader/Tech Lead","Apply the direct-to-written-warning disciplinary fast path when a team member commits a security-related violation","—","Team-level disciplinary escalation awareness","Mandatory","Medium","DOC-04","6","Quiz: disciplinary process for security violations","1.0","Role-specific"
"R081","Customer Support Executive","—","Complete Tier 2 Escalation Authority training during Week 1, before handling escalations unsupervised","Escalation readiness","Mandatory","High","DOC-14","5.3","Checklist item: Week 1 escalation training completed","1.1","Role-specific"
"R082","Customer Support Executive","—","Work the approved rotating shifts covering 08:00–20:00 on weekdays and 09:00–13:00 on Saturdays, taking a weekday off in the same or following week for each Saturday shift","Shift coverage","Mandatory","Medium","DOC-20","3","Quiz: extended service hours and Saturday compensation","1.1","Role-specific"
"R083","Customer Support Executive","—","Measure the 2-business-hour acknowledgement target within the hours of the shift that receives the issue","SLA calculation across shifts","Mandatory","Medium","DOC-20","3","Scenario quiz: acknowledgement deadline for an issue received near the end of a shift","1.1","Role-specific"
"R084","Customer Support Executive","—","When the other site cannot open, take over its support queue until it confirms it is operating again and log every complaint received during the disruption","Business continuity for support","Mandatory","Medium","DOC-12","8","Scenario quiz: handling the queue during a site closure","2.0","Role-specific"
"R085","Customer Support Executive","—","Handle complaints forwarded by Sales or Marketing through the customer escalation process","Cross-team complaint intake","Mandatory","Low","DOC-13","5","Quiz: where complaints from campaign contacts go","1.1","Role-specific"
"R086","Sales Executive","—","Record the consent status of every contact entered in the CRM when logging the interaction","Consent tracking in CRM","Mandatory","High","DOC-13","3.2","Practical task: complete a CRM contact with consent status","1.1","Role-specific"
"R087","Sales Executive","—","Close leads that fail any of the three qualification criteria as Closed-Lost with a reason code","Pipeline hygiene","Mandatory","Medium","DOC-13","3.2","Scenario task: close an unqualified lead correctly","1.1","Role-specific"
"R088","Sales Executive","Obtain Branch Manager approval before offering a discount above 10 percent of the approved price list","—","Pricing authority","Mandatory","High","DOC-13","3.2","Quiz: which discounts need Branch Manager approval","1.1","Role-specific"
"R089","Sales Executive","—","Submit the weekly pipeline summary every Friday before 17:00","Pipeline reporting","Mandatory","Medium","DOC-13","3.2","Checklist item: weekly pipeline summary submitted on time","1.1","Role-specific"
"R090","Sales Executive","—","Hand every signed contract over to the Operations Coordinator within 1 business day","Sales-to-operations hand-over","Mandatory","High","DOC-13","3.2","Scenario quiz: hand-over deadline after a contract is signed","1.1","Role-specific"
"R091","Sales Executive","Never promise refunds, compensation or service-level exceptions; these are decided at Tier 3 by the Branch Manager","—","Commitment boundaries","Mandatory","High","DOC-13","3.3","Scenario quiz: responding to a customer asking for compensation","1.1","Role-specific"
"R092","Sales Executive","Spend up to 2,000,000 VND per client meeting on meals without pre-approval, only for a client with an active CRM opportunity","—","Client entertainment limits","Mandatory","Medium","DOC-20","6","Quiz: when client entertainment needs pre-approval","1.1","Role-specific"
"R093","Sales Executive","—","Claim client-entertainment expenses within 15 calendar days, quoting the CRM opportunity ID","Entertainment expense claims","Mandatory","Medium","DOC-20","6","Practical task: prepare a compliant entertainment claim","1.1","Role-specific"
"R094","Sales Executive","—","Complete the Lead Qualification and CRM Data Entry modules in Week 1, before contacting customers","Sales readiness","Mandatory","High","DOC-11","6.2","Checklist item: Week 1 sales modules completed","1.2","Role-specific"
"R095","Sales Executive","Never copy customer contact data to personal devices or personal accounts","—","Customer-data ownership","Mandatory","High","DOC-13","5","Quiz: where customer contact data may be stored","1.1","Role-specific"
"R096","Marketing Executive","Obtain Branch Manager approval, in addition to the Head of Sales & Marketing, for campaigns with a budget of 50,000,000 VND or more","—","Campaign budget authority","Mandatory","High","DOC-13","4.3","Quiz: which campaigns need Branch Manager approval","1.1","Role-specific"
"R097","Marketing Executive","—","Hand every campaign lead over to Sales in the CRM within 1 business day, tagged with its campaign source","Lead hand-over","Mandatory","Medium","DOC-13","4.2","Practical task: hand over a tagged campaign lead","1.1","Role-specific"
"R098","Marketing Executive","State no result the Company cannot prove and keep a documented internal source for every statistic with the campaign brief","—","Truthful marketing claims","Mandatory","High","DOC-13","4.5","Scenario quiz: spot an unprovable claim in a draft asset","1.1","Role-specific"
"R099","Marketing Executive","Publish customer names, logos or quotes only with the customer's written permission","—","Testimonial consent","Mandatory","Medium","DOC-13","4.4","Quiz: when a customer logo may be used","1.1","Role-specific"
"R100","Marketing Executive","Use the Company name in full at least once and only the approved logo files and colour palette in every external asset","—","Brand compliance","Mandatory","Low","DOC-13","4.4","Checklist: brand review of a sample asset","1.1","Role-specific"
"R101","Marketing Executive","Keep always-on digital advertising within 30,000,000 VND per month inside the approved annual plan","—","Advertising spend control","Mandatory","Medium","DOC-13","4.6","Quiz: monthly advertising limit","1.1","Role-specific"
"R102","Marketing Executive","Never export CRM contact lists to an external tool without the step-4 data-processing check","—","Marketing data-transfer control","Mandatory","High","DOC-13","4.6","Scenario quiz: exporting a contact list to an email platform","1.1","Role-specific"
"R103","Marketing Executive","—","Report campaign spend, leads, qualified leads and cost per qualified lead every month","Campaign performance reporting","Mandatory","Low","DOC-13","4.2","Practical task: build a monthly campaign report","1.1","Role-specific"
"R104","Marketing Executive","Approve content changes to existing web pages without further approval","—","Web content ownership","Optional","Low","DOC-13","4.6","Quiz: which web changes need approval","1.1","Role-specific"
"R105","Marketing Executive","—","Complete the Campaign Approval Workflow module in Week 1","Marketing readiness","Mandatory","High","DOC-13","4.8","Checklist item: Week 1 campaign workflow module completed","1.1","Role-specific"
"R106","Marketing Executive","Never copy customer contact data to personal devices or personal accounts","—","Customer-data ownership","Mandatory","High","DOC-13","5","Quiz: where customer contact data may be stored","1.1","Role-specific"
"R107","Operations Coordinator","Confirm that a signed data-processing agreement exists before any learner data is exchanged with a school's systems","—","Partner data-sharing control","Mandatory","High","DOC-12","6.1","Scenario quiz: a school asks for a learner export before the DPA is signed","2.0","Role-specific"
"R108","Operations Coordinator","—","Plan every field visit on the branch calendar at least 3 business days in advance","Field visit planning","Mandatory","Medium","DOC-12","6.2","Checklist item: visit planned 3 business days ahead","2.0","Role-specific"
"R109","Operations Coordinator","—","Submit a field visit report within 1 business day listing attendees, issues raised and follow-up actions with owners","Field reporting","Mandatory","Medium","DOC-12","6.2","Practical task: write a field visit report","2.0","Role-specific"
"R110","Operations Coordinator","—","Submit purchase orders to the Branch Manager within the approval limits and forward vendor invoices to the Finance Associate for verification","Vendor coordination","Mandatory","Medium","DOC-12","6.3","Scenario quiz: routing a training-venue quote","2.0","Role-specific"
"R111","Operations Coordinator","—","Claim expenses paid personally during a visit within 15 calendar days","Visit expense claims","Mandatory","Low","DOC-12","6.3","Quiz: claim deadline for visit expenses","2.0","Role-specific"
"R112","Operations Coordinator","—","Log a service disruption at a partner school as a customer issue and give the school the expected resolution time within 2 business hours","Partner incident handling","Mandatory","High","DOC-12","6.4","Scenario quiz: platform outage during a scheduled session","2.0","Role-specific"
"R113","Operations Coordinator","—","At contract end, disable the school's platform accounts on the end date and return or delete its learner data within 30 calendar days, filing IT Support's deletion confirmation","Partner offboarding","Mandatory","High","DOC-12","6.5","Scenario quiz: steps and deadlines when a school contract ends","2.0","Role-specific"
"R114","Operations Coordinator","—","Record hours worked beyond 8 on a field-visit day and take them back within the same month","Field-day working-time records","Mandatory","Low","DOC-20","8","Quiz: handling a 10-hour visit day","1.1","Role-specific"
"R115","Operations Coordinator","—","Present the planned partner-school visits at the Monday operations meeting","Visit coordination","Mandatory","Low","DOC-12","5.1","Quiz: items the Operations Coordinator brings to the weekly meeting","2.0","Role-specific"
"R116","Branch Manager","Approve purchase orders up to 100,000,000 VND per order and send larger orders to the Chief Operating Officer","—","Purchase approval authority","Mandatory","High","DOC-12","3.1","Quiz: who approves a 120,000,000 VND order","2.0","Role-specific"
"R117","Branch Manager","When absent more than 2 consecutive business days, delegate in writing to a named deputy with stated limits; never delegate 500,000,000 VND deal approval or Tier 3 compensation below Team Leader level","—","Delegation of authority","Mandatory","High","DOC-12","3.2","Scenario quiz: drafting a valid delegation","2.0","Role-specific"
"R118","Branch Manager","—","Complete the opening checklist by 08:45: alarm and access log, support queue escalations, channel staffing and the day's visits","Branch opening routine","Mandatory","Medium","DOC-12","4.1","Checklist: complete a sample opening checklist","2.0","Role-specific"
"R119","Branch Manager","—","At closing, confirm that data workstations are locked, personal-data paper is in locked cabinets and the alarm is armed, recording any exception the same day","Branch closing security","Mandatory","Medium","DOC-12","4.2","Checklist: complete a sample closing checklist","2.0","Role-specific"
"R120","Branch Manager","—","Make visitors sign in, wear a badge and stay accompanied where customer data is displayed","Physical access control","Mandatory","Medium","DOC-12","4.3","Quiz: visitor rules in customer-data areas","2.0","Role-specific"
"R121","Branch Manager","—","Chair the 30-minute Monday operations meeting covering escalations, the pipeline, staffing and planned school visits","Operations governance","Mandatory","Low","DOC-12","5.1","Quiz: standing agenda of the weekly meeting","2.0","Role-specific"
"R122","Branch Manager","—","On the first business day of each month, review forecast accuracy, Tier 2 breaches of 48 hours, claims above 5,000,000 VND and new-hire onboarding completion","Monthly performance review","Mandatory","Medium","DOC-12","5.2","Practical task: prepare a monthly review summary","2.0","Role-specific"
"R123","Branch Manager","Allow no more than one third of a team on planned leave on the same day without written approval","—","Leave coverage planning","Mandatory","Medium","DOC-12","7","Scenario quiz: approving overlapping leave requests","2.0","Role-specific"
"R124","Branch Manager","—","Approve team rotas so that every customer support channel is staffed during working hours","Support staffing","Mandatory","Medium","DOC-12","7","Practical task: check a rota for uncovered channels","2.0","Role-specific"
"R125","Branch Manager","—","Arrange a written delegation before taking any leave longer than 2 business days","Leave hand-over","Mandatory","Medium","DOC-12","7","Quiz: when a Branch Manager must delegate before leave","2.0","Role-specific"
"R126","Branch Manager","—","When a site cannot open, decide within 1 hour of the scheduled opening whether staff work remotely","Business continuity decisions","Mandatory","High","DOC-12","8","Scenario quiz: flooding at the Đà Nẵng office","2.0","Role-specific"
"R127","Branch Manager","Approve Đà Nẵng purchase orders up to 30,000,000 VND remotely until a Đà Nẵng Branch Manager is appointed; larger orders go directly to the Chief Operating Officer","—","Remote approval exception","Mandatory","Medium","DOC-20","9","Quiz: who approves a 40,000,000 VND Đà Nẵng order","1.1","Role-specific"
"R128","Branch Manager","Approve marketing campaigns with a budget of 50,000,000 VND or more before launch","—","Campaign approval authority","Mandatory","Medium","DOC-13","4.3","Quiz: campaigns that need Branch Manager approval","1.1","Role-specific"
"R129","Software Support Engineer","—","Update assigned Tier 2 tickets at least twice per business day, before 12:00 and before 17:00, until resolved","Ticket ownership","Mandatory","Medium","DOC-14","3.2","Checklist item: ticket update times in a sample log","1.1","Role-specific"
"R130","Software Support Engineer","Never deploy to production without a recorded Team Leader sign-off","—","Deployment gate discipline","Mandatory","High","DOC-14","3.3","Scenario quiz: urgent release without sign-off","1.1","Role-specific"
"R131","Software Support Engineer","Execute a rollback without prior approval when the rollback criteria of the deployment SOP are met","—","Rollback judgment","Optional","Medium","DOC-14","3.3","Scenario quiz: deciding whether to roll back without approval","1.1","Role-specific"
"R132","Software Support Engineer","—","Respond to an on-call page within 15 minutes during the on-call week","On-call responsiveness","Mandatory","High","DOC-20","4","Quiz: on-call response time","1.1","Role-specific"
"R133","Software Support Engineer","During an on-call week work from home only through the company VPN on an approved encrypted device and reach production data only through logged tooling","—","Secure on-call access","Mandatory","High","DOC-20","4","Scenario quiz: handling a night incident from home","1.1","Role-specific"
"R134","Software Support Engineer","—","Complete the Pre-Deployment Checklist and Deployment Approval Gate modules before joining any production release","Release readiness","Mandatory","High","DOC-11","6.2","Checklist item: deployment modules completed","1.2","Role-specific"
"R135","Software Support Engineer","—","Pass the security and privacy modules within the first 30 days, before production access is granted","Production access prerequisites","Mandatory","High","DOC-14","2","Checklist item: modules passed before access request","1.1","Role-specific"
"R136","Team Leader/Tech Lead","—","Escalate any Tier 2 escalation still unresolved after 48 hours to the Branch Manager","Escalation ownership","Mandatory","High","DOC-14","4.2","Scenario quiz: a Tier 2 case open for 50 hours","1.1","Role-specific"
"R137","Team Leader/Tech Lead","—","Run a weekly team review of open tickets, deployments and incidents","Team operations review","Mandatory","Medium","DOC-14","4.2","Practical task: prepare a weekly review agenda","1.1","Role-specific"
"R138","Team Leader/Tech Lead","—","Coach new engineers through the role-critical modules of their onboarding learning path","Onboarding coaching","Mandatory","Medium","DOC-14","4.2","Checklist item: coaching sessions recorded","1.1","Role-specific"
"R139","Team Leader/Tech Lead","Approve flexible start times for Engineering and Data staff when work allows","—","Working-time flexibility","Optional","Low","DOC-14","4.3","Quiz: who may approve flexible start times","1.1","Role-specific"
"R140","Team Leader/Tech Lead","Accept Branch Manager authority for 500,000,000 VND deals or Tier 3 compensation only when named in a written delegation","—","Delegated authority limits","Mandatory","High","DOC-14","4.3","Scenario quiz: approving a large deal without a delegation","1.1","Role-specific"
"R141","Team Leader/Tech Lead","—","Take part in the weekly on-call rotation and respond to pages within 15 minutes","On-call leadership","Mandatory","High","DOC-20","4","Quiz: on-call obligations of Team Leaders","1.1","Role-specific"
"R142","Team Leader/Tech Lead","—","Hold documented day-30, day-45 and day-90 check-ins with every new team member","New-hire check-ins","Mandatory","High","DOC-11","7.1","Checklist: three check-in notes filed","1.2","Role-specific"
"R143","Team Leader/Tech Lead","—","Submit the probation evaluation of a new team member to the HR Executive by day 50","Probation evaluation","Mandatory","High","DOC-11","7.2","Scenario quiz: evaluation deadline for a hire who started on 1 June","1.2","Role-specific"
"R144","Team Leader/Tech Lead","—","Assign an onboarding buddy to every new team member for the first 30 days","Buddy assignment","Mandatory","Medium","DOC-11","8","Checklist item: buddy named before day 1","1.2","Role-specific"
"R145","Data Analyst","—","Request identifiable data only with written Data Privacy Officer approval stating the purpose and retention period","Identifiable-data requests","Mandatory","High","DOC-14","6.2","Practical task: write a data access request","1.1","Role-specific"
"R146","Data Analyst","—","Publish every recurring report with a data dictionary naming the source system and date range","Report documentation","Mandatory","Medium","DOC-14","6.2","Checklist: data dictionary of a sample report","1.1","Role-specific"
"R147","Data Analyst","—","Delete working extracts that contain personal data within 14 days of completing the analysis","Extract retention","Mandatory","High","DOC-14","6.2","Quiz: deletion deadline for working extracts","1.1","Role-specific"
"R148","Data Analyst","Create dashboards from aggregated data without further approval","—","Self-service analytics","Optional","Low","DOC-14","6.3","Quiz: which dashboards need approval","1.1","Role-specific"
"R149","Data Analyst","Never share row-level customer or learner data outside the Data team without Data Privacy Officer approval","—","Row-level data protection","Mandatory","High","DOC-14","6.3","Scenario quiz: a manager asks for a learner-level export","1.1","Role-specific"
"R150","Data Analyst","—","For a fraud review, access identifiable payment records only when named in writing with DPO approval, for at most 10 business days, and delete the extract when the investigation closes","Fraud-review data access","Mandatory","High","DOC-20","7","Scenario quiz: steps before opening payment records","1.1","Role-specific"
"R151","Data Analyst","—","Complete the Anonymised Data Handling module before receiving access to any dataset","Data access readiness","Mandatory","High","DOC-11","6.2","Checklist item: module passed before dataset access","1.2","Role-specific"
"R152","HR Executive","—","Complete pre-arrival preparation at least 7 business days before the start date: contract and handbook sent, accounts requested, published learning path confirmed, buddy nominated","Pre-arrival preparation","Mandatory","High","DOC-11","4.1","Checklist: pre-arrival tasks for a sample hire","1.2","Role-specific"
"R153","HR Executive","—","Collect the probation evaluation from the direct manager by day 50 and communicate the decision before day 60","Probation administration","Mandatory","High","DOC-15","3.2","Scenario quiz: probation timeline for a new hire","1.1","Role-specific"
"R154","HR Executive","—","Escalate onboarding tasks 5 business days overdue to the department head and missing accounts to IT Support the same day","Onboarding follow-up","Mandatory","Medium","DOC-11","11","Scenario quiz: handling an overdue security module","1.2","Role-specific"
"R155","HR Executive","—","Record a probation extension (once, at most 30 days) with the written agreement of the new hire, the manager and HR, including the reason and remaining learning tasks","Probation extension","Mandatory","Medium","DOC-11","7.3","Quiz: conditions for extending probation","1.2","Role-specific"
"R156","HR Executive","—","For rehires returning within 12 months, regenerate the onboarding path so that only modules whose source documents changed are repeated","Version-aware re-onboarding","Mandatory","Medium","DOC-11","9","Scenario quiz: which modules a rehire repeats","1.2","Role-specific"
"R157","HR Executive","—","Give contractors only the security and privacy modules, before any system access, instead of a full onboarding path","Contractor onboarding","Mandatory","Medium","DOC-11","9","Quiz: onboarding scope for contractors","1.2","Role-specific"
"R158","HR Executive","—","Retain onboarding checklists, check-in notes and probation evaluations for 5 years and show learning progress only to the new hire, the manager and HR","Onboarding records","Mandatory","Medium","DOC-11","12","Quiz: who may see a new hire's quiz scores","1.2","Role-specific"
"R159","HR Executive","—","Report onboarding KPIs to management every quarter","Onboarding reporting","Mandatory","Low","DOC-11","13","Practical task: compile a quarterly onboarding KPI report","1.2","Role-specific"
"R160","HR Executive","—","Assign the onboarding learning path and track its completion on the Employee Learning Dashboard","Learning path administration","Mandatory","High","DOC-11","3","Practical task: assign a path and read its progress","1.2","Role-specific"
"R161","HR Executive","As Data Privacy Officer, approve in writing any data access beyond the default access of a role","—","Access approval authority","Mandatory","High","DOC-15","3.3","Scenario quiz: an analyst requests identifiable data","1.1","Role-specific"
"R162","HR Executive","—","As Data Privacy Officer, lead the quarterly access review with IT Security and record its findings","Access review","Mandatory","Medium","DOC-15","3.3","Practical task: record findings of a sample access review","1.1","Role-specific"
"R163","HR Executive","Store medical certificates only in the restricted HR folder and never attach them to email","—","Sensitive-record handling","Mandatory","High","DOC-15","3.4","Quiz: storing a sick-leave certificate","1.1","Role-specific"
"R164","HR Executive","Never approve changes to your own employment record","—","Segregation of duties","Mandatory","High","DOC-15","6","Quiz: who approves a change to an HR Executive's own record","1.1","Role-specific"
"R165","Finance Associate","Change supplier bank details only after a call-back to a phone number already on file and a second approval by the Finance Manager recorded in the payment system","—","Payment fraud prevention","Mandatory","High","DOC-15","4.3","Scenario quiz: a supplier emails new bank details","1.1","Role-specific"
"R166","Finance Associate","—","Treat a bank-detail change request received only by email as possible phishing and report it to IT Security within 1 hour","Phishing response","Mandatory","High","DOC-15","4.3","Scenario quiz: reporting a suspicious change request","1.1","Role-specific"
"R167","Finance Associate","Never approve a claim on behalf of a manager","—","Approval boundaries","Mandatory","High","DOC-15","4.3","Quiz: what a Finance Associate may and may not approve","1.1","Role-specific"
"R168","Finance Associate","—","Reject any claim submitted after 30 days and state the reason in writing","Late-claim handling","Mandatory","Medium","DOC-15","4.2","Practical task: write a rejection for a late claim","1.1","Role-specific"
"R169","Finance Associate","—","Verify vendor invoices forwarded by the Operations Coordinator against the approved purchase order","Invoice verification","Mandatory","Medium","DOC-15","4.2","Practical task: match an invoice to a purchase order","1.1","Role-specific"
"R170","Finance Associate","—","Complete bank reconciliation and the accruals list during the last 3 business days of each month","Month-end close","Mandatory","Medium","DOC-15","4.4","Checklist: month-end close tasks","1.1","Role-specific"
"R171","Finance Associate","Take no planned annual leave during the last 3 business days of the month; sick and statutory leave are never blocked","—","Month-end leave blackout","Mandatory","Medium","DOC-20","5","Scenario quiz: a leave request for the 29th of the month","1.1","Role-specific"
"R172","Finance Associate","Never verify your own expense claim, and never both approve and pay the same claim or invoice","—","Segregation of duties","Mandatory","High","DOC-15","6","Quiz: segregation-of-duties conflicts","1.1","Role-specific"
"R173","Finance Associate","—","Complete the Approval Matrix module of the reimbursement SOP before verifying any claim","Finance readiness","Mandatory","High","DOC-11","6.2","Checklist item: Approval Matrix module passed","1.2","Role-specific"
"R174","Customer Support Executive","—","Complete each onboarding module by reading every lesson, ticking every work task and passing the module quiz with at least 70 percent","Onboarding completion","Mandatory","Medium","DOC-11","6.1","Checklist item: module completion recorded on the learning dashboard","1.2","Company-wide"
"R175","Sales Executive","—","Complete each onboarding module by reading every lesson, ticking every work task and passing the module quiz with at least 70 percent","Onboarding completion","Mandatory","Medium","DOC-11","6.1","Checklist item: module completion recorded on the learning dashboard","1.2","Company-wide"
"R176","HR Executive","—","Complete each onboarding module by reading every lesson, ticking every work task and passing the module quiz with at least 70 percent","Onboarding completion","Mandatory","Medium","DOC-11","6.1","Checklist item: module completion recorded on the learning dashboard","1.2","Company-wide"
"R177","Finance Associate","—","Complete each onboarding module by reading every lesson, ticking every work task and passing the module quiz with at least 70 percent","Onboarding completion","Mandatory","Medium","DOC-11","6.1","Checklist item: module completion recorded on the learning dashboard","1.2","Company-wide"
"R178","Operations Coordinator","—","Complete each onboarding module by reading every lesson, ticking every work task and passing the module quiz with at least 70 percent","Onboarding completion","Mandatory","Medium","DOC-11","6.1","Checklist item: module completion recorded on the learning dashboard","1.2","Company-wide"
"R179","Marketing Executive","—","Complete each onboarding module by reading every lesson, ticking every work task and passing the module quiz with at least 70 percent","Onboarding completion","Mandatory","Medium","DOC-11","6.1","Checklist item: module completion recorded on the learning dashboard","1.2","Company-wide"
"R180","Software Support Engineer","—","Complete each onboarding module by reading every lesson, ticking every work task and passing the module quiz with at least 70 percent","Onboarding completion","Mandatory","Medium","DOC-11","6.1","Checklist item: module completion recorded on the learning dashboard","1.2","Company-wide"
"R181","Branch Manager","—","Complete each onboarding module by reading every lesson, ticking every work task and passing the module quiz with at least 70 percent","Onboarding completion","Mandatory","Medium","DOC-11","6.1","Checklist item: module completion recorded on the learning dashboard","1.2","Company-wide"
"R182","Data Analyst","—","Complete each onboarding module by reading every lesson, ticking every work task and passing the module quiz with at least 70 percent","Onboarding completion","Mandatory","Medium","DOC-11","6.1","Checklist item: module completion recorded on the learning dashboard","1.2","Company-wide"
"R183","Team Leader/Tech Lead","—","Complete each onboarding module by reading every lesson, ticking every work task and passing the module quiz with at least 70 percent","Onboarding completion","Mandatory","Medium","DOC-11","6.1","Checklist item: module completion recorded on the learning dashboard","1.2","Company-wide"
"R184","Customer Support Executive","—","On day 1, log in to SkillSprint AI, open the assigned onboarding path and meet the direct manager and the onboarding buddy","Day-1 onboarding","Mandatory","Medium","DOC-11","5.2","Checklist item: day-1 actions completed","1.2","Company-wide"
"R185","Sales Executive","—","On day 1, log in to SkillSprint AI, open the assigned onboarding path and meet the direct manager and the onboarding buddy","Day-1 onboarding","Mandatory","Medium","DOC-11","5.2","Checklist item: day-1 actions completed","1.2","Company-wide"
"R186","HR Executive","—","On day 1, log in to SkillSprint AI, open the assigned onboarding path and meet the direct manager and the onboarding buddy","Day-1 onboarding","Mandatory","Medium","DOC-11","5.2","Checklist item: day-1 actions completed","1.2","Company-wide"
"R187","Finance Associate","—","On day 1, log in to SkillSprint AI, open the assigned onboarding path and meet the direct manager and the onboarding buddy","Day-1 onboarding","Mandatory","Medium","DOC-11","5.2","Checklist item: day-1 actions completed","1.2","Company-wide"
"R188","Operations Coordinator","—","On day 1, log in to SkillSprint AI, open the assigned onboarding path and meet the direct manager and the onboarding buddy","Day-1 onboarding","Mandatory","Medium","DOC-11","5.2","Checklist item: day-1 actions completed","1.2","Company-wide"
"R189","Marketing Executive","—","On day 1, log in to SkillSprint AI, open the assigned onboarding path and meet the direct manager and the onboarding buddy","Day-1 onboarding","Mandatory","Medium","DOC-11","5.2","Checklist item: day-1 actions completed","1.2","Company-wide"
"R190","Software Support Engineer","—","On day 1, log in to SkillSprint AI, open the assigned onboarding path and meet the direct manager and the onboarding buddy","Day-1 onboarding","Mandatory","Medium","DOC-11","5.2","Checklist item: day-1 actions completed","1.2","Company-wide"
"R191","Branch Manager","—","On day 1, log in to SkillSprint AI, open the assigned onboarding path and meet the direct manager and the onboarding buddy","Day-1 onboarding","Mandatory","Medium","DOC-11","5.2","Checklist item: day-1 actions completed","1.2","Company-wide"
"R192","Data Analyst","—","On day 1, log in to SkillSprint AI, open the assigned onboarding path and meet the direct manager and the onboarding buddy","Day-1 onboarding","Mandatory","Medium","DOC-11","5.2","Checklist item: day-1 actions completed","1.2","Company-wide"
"R193","Team Leader/Tech Lead","—","On day 1, log in to SkillSprint AI, open the assigned onboarding path and meet the direct manager and the onboarding buddy","Day-1 onboarding","Mandatory","Medium","DOC-11","5.2","Checklist item: day-1 actions completed","1.2","Company-wide"
"R194","Customer Support Executive","After passing probation, use up to 7,000,000 VND per year of learning budget for approved role-related courses","—","Professional development","Optional","Low","DOC-16","8","Quiz: learning budget amount and eligibility","1.1","Company-wide"
"R195","Sales Executive","After passing probation, use up to 7,000,000 VND per year of learning budget for approved role-related courses","—","Professional development","Optional","Low","DOC-16","8","Quiz: learning budget amount and eligibility","1.1","Company-wide"
"R196","HR Executive","After passing probation, use up to 7,000,000 VND per year of learning budget for approved role-related courses","—","Professional development","Optional","Low","DOC-16","8","Quiz: learning budget amount and eligibility","1.1","Company-wide"
"R197","Finance Associate","After passing probation, use up to 7,000,000 VND per year of learning budget for approved role-related courses","—","Professional development","Optional","Low","DOC-16","8","Quiz: learning budget amount and eligibility","1.1","Company-wide"
"R198","Operations Coordinator","After passing probation, use up to 7,000,000 VND per year of learning budget for approved role-related courses","—","Professional development","Optional","Low","DOC-16","8","Quiz: learning budget amount and eligibility","1.1","Company-wide"
"R199","Marketing Executive","After passing probation, use up to 7,000,000 VND per year of learning budget for approved role-related courses","—","Professional development","Optional","Low","DOC-16","8","Quiz: learning budget amount and eligibility","1.1","Company-wide"
"R200","Software Support Engineer","After passing probation, use up to 7,000,000 VND per year of learning budget for approved role-related courses","—","Professional development","Optional","Low","DOC-16","8","Quiz: learning budget amount and eligibility","1.1","Company-wide"
"R201","Branch Manager","After passing probation, use up to 7,000,000 VND per year of learning budget for approved role-related courses","—","Professional development","Optional","Low","DOC-16","8","Quiz: learning budget amount and eligibility","1.1","Company-wide"
"R202","Data Analyst","After passing probation, use up to 7,000,000 VND per year of learning budget for approved role-related courses","—","Professional development","Optional","Low","DOC-16","8","Quiz: learning budget amount and eligibility","1.1","Company-wide"
"R203","Team Leader/Tech Lead","After passing probation, use up to 7,000,000 VND per year of learning budget for approved role-related courses","—","Professional development","Optional","Low","DOC-16","8","Quiz: learning budget amount and eligibility","1.1","Company-wide"
