Path ID,Requirement ID,Role,Source,Python expected requirement,Mandatory,Expected stage,GenAI result,Actual stage,Match/Mismatch,Coverage status,Traceability status,Validation status,Explanation of disagreement
LP-65E90C791C,R049,Software Support Engineer,DOC-10 §3,"Confirm passing test suite, updated release notes, documented rollback plan, and 24-hour customer notice before deployment",Yes,week1,"1 lesson(s), 2 task/quiz item(s)",week1,Match,assessed,verified,Verified,
LP-65E90C791C,R050,Software Support Engineer,DOC-10 §5,Execute the documented rollback plan and notify the Team Leader immediately if critical issues appear within 2 hours of deployment,Yes,week1,"1 lesson(s), 1 task/quiz item(s)",week1,Match,assessed,verified,Verified,
LP-65E90C791C,R051,Software Support Engineer,DOC-10 §6,Confirm functionality with the customer and close the deployment ticket at handover,Yes,week1,"1 lesson(s), 0 task/quiz item(s)",week1,Mismatch,taught,verified,Verified with Warning,assessment: GenAI False vs expected Practical task: complete a client handover checklist
LP-65E90C791C,R052,Software Support Engineer,DOC-06 §4,"Access production customer data only through approved, logged tooling — never direct database export",Yes,week1,"1 lesson(s), 0 task/quiz item(s)",week1,Mismatch,taught,verified,Verified with Warning,assessment: GenAI False vs expected Quiz: approved vs prohibited data-access methods
LP-65E90C791C,R053,Software Support Engineer,DOC-05 §4,Access only role-relevant data per least-privilege rules; use anonymized data unless explicitly authorized,Yes,week1,"1 lesson(s), 0 task/quiz item(s)",week1,Mismatch,taught,verified,Verified with Warning,assessment: GenAI False vs expected Quiz: Engineering data-access boundaries
LP-65E90C791C,R054,Software Support Engineer,DOC-06 §2,"Use passwords of at least 12 characters with mixed case, numbers, and symbols; enable MFA on all systems handling customer data",Yes,week1,"1 lesson(s), 1 task/quiz item(s)",week1,Match,assessed,verified,Verified,
LP-65E90C791C,R055,Software Support Engineer,DOC-01 §9,Digitally acknowledge receipt and understanding of the Employee Handbook within 5 business days of joining,Yes,day1,"1 lesson(s), 0 task/quiz item(s)",day1,Mismatch,taught,verified,Verified with Warning,assessment: GenAI False vs expected Checklist item: handbook acknowledgement recorded
LP-65E90C791C,R056,Software Support Engineer,DOC-03 §2,Accrue and use the standard 12-day annual leave entitlement,Yes,week1,"2 lesson(s), 2 task/quiz item(s)",week1,Source Support Missing,assessed,unverified,Unsupported,traceability: GenAI 2/4 vs expected all
LP-65E90C791C,R129,Software Support Engineer,DOC-14 §3.2,"Update assigned Tier 2 tickets at least twice per business day, before 12:00 and before 17:00, until resolved",Yes,week1,"1 lesson(s), 1 task/quiz item(s)",week1,Outdated Source,assessed,verified,Verified with Warning,source_version: GenAI ['1.0'] vs expected 1.1
LP-65E90C791C,R130,Software Support Engineer,DOC-14 §3.3,Never deploy to production without a recorded Team Leader sign-off,Yes,week1,"1 lesson(s), 1 task/quiz item(s)",week1,Outdated Source,assessed,verified,Verified with Warning,source_version: GenAI ['1.0'] vs expected 1.1
LP-65E90C791C,R131,Software Support Engineer,DOC-14 §3.3,Execute a rollback without prior approval when the rollback criteria of the deployment SOP are met,No,week1,"1 lesson(s), 1 task/quiz item(s)",week1,Outdated Source,assessed,verified,Verified with Warning,source_version: GenAI ['1.0'] vs expected 1.1
LP-65E90C791C,R132,Software Support Engineer,DOC-20 §4,Respond to an on-call page within 15 minutes during the on-call week,Yes,week1,"1 lesson(s), 1 task/quiz item(s)",week1,Outdated Source,assessed,verified,Verified with Warning,source_version: GenAI ['1.0'] vs expected 1.1
LP-65E90C791C,R133,Software Support Engineer,DOC-20 §4,During an on-call week work from home only through the company VPN on an approved encrypted device and reach production data only through logged tooling,Yes,week1,"1 lesson(s), 1 task/quiz item(s)",week1,Outdated Source,assessed,verified,Verified with Warning,source_version: GenAI ['1.0'] vs expected 1.1
LP-65E90C791C,R134,Software Support Engineer,DOC-11 §6.2,Complete the Pre-Deployment Checklist and Deployment Approval Gate modules before joining any production release,Yes,week1,"1 lesson(s), 0 task/quiz item(s)",week1,Outdated Source,taught,verified,Verified with Warning,assessment: GenAI False vs expected Checklist item: deployment modules completed; source_version: GenAI ['1.0'] vs expected 1.2
LP-65E90C791C,R135,Software Support Engineer,DOC-14 §2,"Pass the security and privacy modules within the first 30 days, before production access is granted",Yes,week1,"1 lesson(s), 2 task/quiz item(s)",week1,Outdated Source,assessed,verified,Verified with Warning,source_version: GenAI ['1.0'] vs expected 1.1
LP-65E90C791C,R180,Software Support Engineer,DOC-11 §6.1,"Complete each onboarding module by reading every lesson, ticking every work task and passing the module quiz with at least 70 percent",Yes,week1,"1 lesson(s), 0 task/quiz item(s)",week1,Outdated Source,taught,verified,Verified with Warning,assessment: GenAI False vs expected Checklist item: module completion recorded on the learning dashboard; source_version: GenAI ['1.0'] vs expected 1.2
LP-65E90C791C,R190,Software Support Engineer,DOC-11 §5.2,"On day 1, log in to SkillSprint AI, open the assigned onboarding path and meet the direct manager and the onboarding buddy",Yes,week1,"1 lesson(s), 0 task/quiz item(s)",week1,Outdated Source,taught,verified,Verified with Warning,assessment: GenAI False vs expected Checklist item: day-1 actions completed; source_version: GenAI ['1.0'] vs expected 1.2
LP-65E90C791C,R200,Software Support Engineer,DOC-16 §8,"After passing probation, use up to 7,000,000 VND per year of learning budget for approved role-related courses",No,week1,"1 lesson(s), 0 task/quiz item(s)",week1,Outdated Source,taught,verified,Verified with Warning,assessment: GenAI False vs expected Quiz: learning budget amount and eligibility; source_version: GenAI ['1.0'] vs expected 1.1
